{
 "expert": {
  "pearson": 0.6324207087219593,
  "spearman": 0.5568938337131258,
  "kendall": 0.5212051852348575
 },
 "turker": {
  "pearson": 0.13740204390930166,
  "spearman": 0.05104820285599825,
  "kendall": 0.044366715480758316
 }
}